Mutant,Concentration,Activity,Error
WT,0.00001,14.51200058,0.188127624
WT,6.00E-06,12.4720005,0.208576134
WT,3.60E-06,13.52800054,0.679541049
WT,2.16E-06,12.98800052,0.41223296
WT,1.30E-06,11.17200045,0.168570467
WT,7.78E-07,11.60000046,0.56685803
WT,4.67E-07,12.4640005,2.27824503
WT,2.80E-07,9.872000395,0.755343661
WT,1.68E-07,6.964000279,0.149291667
WT,1.01E-07,4.26000017,0.103460141
WT,6.05E-08,1.968000079,0.270199937
S203A,0.00001,13.25104547,1.388648599
S203A,6.00E-06,11.58577357,0.743063691
S203A,3.60E-06,9.882844775,0.714942634
S203A,2.16E-06,6.225941162,0.467366057
S203A,1.30E-06,3.560669307,0.07402429
S203A,7.78E-07,2.510460146,0.219934076
S203A,4.67E-07,1.297071075,0.103085226
S203A,2.80E-07,1.108786564,0.207060126
S203A,1.68E-07,0.991631758,0.181031856
S203A,1.01E-07,0.832635948,0.072952281
S203A,6.05E-08,1.108786564,0.256256926
S204A,0.00001,13.99683987,0.869942682
S204A,6.00E-06,11.06329464,0.593293434
S204A,3.60E-06,9.272154833,0.750667569
S204A,2.16E-06,6.79114139,0.311865542
S204A,1.30E-06,4.291140598,0.935452113
S204A,7.78E-07,2.11392472,0.441373595
S204A,4.67E-07,1.183544678,0.060624209
S204A,2.80E-07,0.822785071,0.094354786
S204A,1.68E-07,0.759493911,0.151403513
S204A,1.01E-07,0.882911672,0.129244205
S204A,6.05E-08,0.794304049,0.083726334
S207A,0.00001,14.53211009,1.005218826
S207A,6.00E-06,11.3853211,0.45246506
S207A,3.60E-06,9.403669725,0.424107315
S207A,2.16E-06,6.98470948,0.462775106
S207A,1.30E-06,5.55351682,0.227844139
S207A,7.78E-07,2.896024465,0.276314544
S207A,4.67E-07,1.758409786,0.103569995
S207A,2.80E-07,1.651376147,0.263085825
S207A,1.68E-07,1.278287462,0.209496863
S207A,1.01E-07,0.795107034,0.029172453
S207A,6.05E-08,0.816513761,0.024272948
Y219A,0.00001,20.43295019,0.986640255
Y219A,6.00E-06,18.65900383,2.101388491
Y219A,3.60E-06,16.85440613,2.208774876
Y219A,2.16E-06,13.86206897,1.826730564
Y219A,1.30E-06,10.18007663,2.047078068
Y219A,7.78E-07,5.923371648,0.898743106
Y219A,4.67E-07,2.712643678,0.242834512
Y219A,2.80E-07,1.103448276,0.104296227
Y219A,1.68E-07,1.076628352,0.105416218
Y219A,1.01E-07,0.819923372,0.077485626
Y219A,6.05E-08,0.766283525,0.007662835
D113A,0.00001,1.587360536,0.159071317
D113A,6.00E-06,1.542750872,0.355733128
D113A,3.60E-06,2.044609589,0.908912397
D113A,2.16E-06,1.226765754,0.244930346
D113A,1.30E-06,1.386617049,0.419531166
D113A,7.78E-07,0.914498107,0.033457248
D113A,4.67E-07,0.959107771,0.035850001
D113A,2.80E-07,0.959107771,0.056132596
D113A,1.68E-07,0.895910747,0.07545644
D113A,1.01E-07,0.888475803,0.026807072
D113A,6.05E-08,1.118959066,0.047461505
I135W,0.00001,1.681318681,0.147569502
I135W,6.00E-06,1.78021978,0.398796644
I135W,3.60E-06,1.315018315,0.101973706
I135W,2.16E-06,1.347985348,0.196713869
I135W,1.30E-06,1.63003663,0.104315244
I135W,7.78E-07,1.131868132,0.10386408
I135W,4.67E-07,1.06959707,0.022281181
I135W,2.80E-07,1.098901099,0.006344508
I135W,1.68E-07,0.970695971,0.070173055
I135W,1.01E-07,0.864468864,0.094175532
I135W,6.05E-08,1.161172161,0.109216495