:1002	2.4378782023729437
:1003	2.5316550934486735
:1004	2.2533651324030064
:1005	2.296962451479063
:1006	2.3753928802955464
:1007	2.6874188900644596
:1008	2.443667716839163
:1009	2.5576264257770953
:1010	1.9041896931309603
:1011	2.2765391750965365
:1012	2.067606242881351
:1013	2.1496402137399104
:1014	2.359541715580771
:1015	2.4790148686686964
:1016	2.319263910273187
:1017	2.239663906148299
:1018	2.2612273458629106
:1019	2.2081575309676342
:1020	2.1833560647409644
:1021	2.7780049845759534
:1022	2.6301643109002755
:1023	2.2342695890959674
:1024	2.205538463613664
:1025	2.5343425253643543
:1026	2.8530513269594744
:1027	2.624171797772977
:1028	2.59810097159894
:1029	2.690553088087879
:1030	2.316234867235326
:1031	2.48141263458103
:1032	1.9311290732935724
:1033	1.992061814552798
:1034	1.9025637574655985
:1035	2.0421644418543785
:1036	1.9411926219540985
:1037	2.036501241046265
:1038	1.6353491200953088
:1039	1.784390659179199
:1040	1.7875199349212867
:1041	2.1098919373051097
:1042	1.6965918084845957
:1043	1.955970939900391
:1044	2.519072489663019
:1045	2.118567160058241
:1046	2.2135207066544815
:1047	1.7499735218464911
:1048	1.8536266004131279
:1049	1.9976800176135363
:1050	2.1663947581343272
:1051	1.1618903483050258
:1052	1.7391741628510686
:1053	1.7713269898668496
:1054	1.3221738717982339
:1055	1.5799463541185113
:1056	2.1113920806760844
:1057	1.6073332002828444
:1058	1.8615674714827457
:1059	2.423601484453324
:1060	1.3856894046342363
:1061	2.254337339150657
:1062	2.4319615970863593
:1063	1.5632441124564957
:1064	1.415377165963384
:1065	1.7994657634657396
:1066	1.7039817818233025
:1067	2.2189198893532374
:1068	1.8554093482613256
:1069	1.5589416894132122
:1070	1.9850601828285648
:1071	1.298635311020674
:1072	1.4986098986605063
:1073	2.1689740409814857
:1074	1.406452076366154
:1075	1.2741507525374982
:1076	1.3461757096315816
:1077	1.5058576238378507
:1078	1.3337128321727125
:1079	1.214871584409824
:1080	1.6821600318510967
:1081	1.7559137955153965
:1082	1.4310807907705558
:1083	1.1865106668269918
:1084	1.6533137792380581
:1085	1.7138251336335872
:1086	1.2688325449875826
:1087	1.589787710427356
:1088	1.2302808358522226
:1089	1.8059550972642777
:1090	1.7851025492394297
:1091	1.700980476071757
:1092	2.2464725846061393
:1093	1.907117640626175
:1094	2.1144849258690255
:1095	1.8118189768185042
:1096	2.697916753664101
:1097	1.9562067230926479
:1098	2.4519814493556917
:1099	1.206814299377669
:1100	2.1632235007913105
:1101	1.4981403348046025
:1102	1.3060196213326165
:1103	1.976948693600338
:1104	1.9688763157953073
:1105	1.4632220919111496
:1106	1.2541189984137169
:1107	1.7411856610750602
:1108	1.4737730074185154
:1109	1.7100497767679186
:1110	2.120841531865265
:1111	1.5714789281004984
:1112	1.8273469570212082
:1113	1.1716462964572827
:1114	1.2748606849571777
:1115	1.6443267024361932
:1116	1.5733216966959094
:1117	1.3928173757744344
:1118	1.2977606173192227
:1119	1.41607817155423
:1120	1.4491247235904752
:1121	1.333847024283012
:1122	2.234480651102305
:1123	1.7586569789935276
:1124	1.6537227479231988
:1125	1.7799913994899108
:1126	1.5078757162821073
:1127	1.3639836072253018
:1128	1.3852301412130452
:1129	1.5715343674908988
:1130	1.8919589533088217
:1131	1.6481518946334732
:1132	1.6469618913172177
:1133	2.1023656689890267
:1134	2.2146002621357517
:1135	1.4800674758287942
:1136	2.0333619382096924
:1137	2.338752112026776
:1138	1.566025389125871
:1139	1.6417417483471854
:1140	2.174228755513355
:1141	1.6234896227803526
:1142	2.0248570923521485
:1143	2.4242325578219237
:1144	2.1590192713377503
:1145	1.8147273961457204
:1146	1.5772034711810494
:1147	1.79579144912301
:1148	2.20575894997446
:1149	1.9974154361060823
:1150	1.3665276804260993
:1151	2.05354069500569
:1152	2.029346120132311
:1153	1.5514868243981166
:1154	1.4991812846409138
:1155	1.9039440110903738
:1156	1.9585781971846068
:1157	1.4504260264108109
:1158	1.1862132619924595
:1159	1.6682412104922206
:1160	1.6392643527438755
:1161	1.2536714109294071
:1162	1.831644963504761
:1163	1.528187131913231
:1164	1.704390012262324
:1165	1.2775743788773744
:1166	1.766073649585496
:1167	1.5088827925624995
:1168	1.220042891141842
:1169	1.438050104859143
:1170	2.116462264425878
:1171	1.8586136482955096
:1172	1.7345297636280876
:1173	1.4797131494171616
:1174	1.8336582693651
:1175	1.8042147272174411
:1176	1.7492779463497168
:1177	1.943000940261549
:1178	1.8286205898306958
:1179	2.124029097230239
:1180	1.9440099224872531
:1181	1.3405279247472999
:1182	1.93759957079833
:1183	1.992569732489124
:1184	1.1988519989026802
:1185	1.4714441058473922
:1186	2.170241690486685
:1187	2.200712193110864
:1188	2.0186044920833006
:1189	2.2105544700628736
:1190	1.1892355436622093
:1191	1.2085761639136186
:1192	1.8229273584575652
:1193	1.4672755307631093
:1194	2.037429331602521
:1195	2.027504420227151
:1196	1.6474284509368582
:1197	2.2117682148009195
:1198	2.2165889107313648
:1199	1.3336741754118102
:1200	1.688284963233483
:1201	1.9438613923397021
:1202	2.057479705086254
:1203	1.2660431053964762
:1204	1.3046726383136156
:1205	2.1111795393612516
:1206	1.887075309538119
:1207	1.4258495492812102
:1208	1.2938885651586565
:1209	1.6138847395042129
:1210	2.0539155164390914
:1211	1.0285992613837154
:1212	1.8302267003421653
:1213	2.120447315950184
:1214	1.7576905283131585
:1215	1.2820562321975837
:1216	1.7511034434438117
:1217	1.9457020946990171
:1218	2.055489612505639
:1219	1.4383533913673043
:1220	2.561689584596389
:1221	1.6968590591863795
:1222	1.5015207675530209
:1223	1.8999873157488576
:1224	2.18020468623901
:1225	1.9477647256348731
:1226	1.653493339053568
:1227	1.9825544624561584
:1228	2.3820713726916716
:1229	1.554033182895104
:1230	2.073963161022207
:1231	2.088048475066059
:1232	2.087516358328846
:1233	1.5587870838492435
:1234	2.783766629543341
:1235	2.249262816907271
:1236	1.9602641703678712
:1237	2.1442919366778495
:1238	1.8627517953809853
:1239	1.9419731333121535
:1240	2.072084207092249
:1241	1.9982322009009474
:1242	2.2662908658803502
:1243	2.3550981626385523
:1244	2.4431625201627742
:1245	2.3876553649205285
:1246	2.3888702470359333
:1247	2.1549675366987997
:1248	2.409795865358597
:1249	2.462993467518454
:1250	2.6988649739532424
:1251	2.480425189086038
:1252	2.319482122269085
:1253	2.228394623794057
:1254	2.9342649107094694
:1255	2.3454622040297632
:1256	2.0776570160877834
:1257	2.437310590301603
:1258	2.331420761775575
:1259	2.310730757703606
:1260	2.3771032347348604
:1261	2.508187238383785
:1262	2.64159078930246
:1263	2.1940996400306108
:1264	1.9657134800647214
:1265	2.2629615106719747
:1266	2.2173546493067513
:1267	2.1044371010488114
:1268	2.153825211394536
:1269	2.2101934215324492
:1270	1.6505274561507732
:1271	1.5439150974999158
:1272	2.0708998425776923
:1273	1.9053342025621975
:1274	1.965120784590852
:1275	1.641108759767831
:1276	2.013973418970769
:1277	1.8223075480526272
:1278	1.6246095947004262
:1279	1.5523939810106115
:1280	1.5746976687870433
:1281	1.736111193042415
:1282	1.4353432076988402
:1283	1.8580796805613249
:1284	1.5968996543186158
:1285	1.4704792324319647
:1286	1.1251019059519725
:1287	1.7619148320558211
:1288	1.2567545811673628
:1289	1.1625815833171753
:1290	1.4326375709990848
:1291	1.659290068360505
:1292	1.6739166153522176
:1293	1.7621228269086082
:1294	1.608410572834541
:1295	1.8756604353459057
:1296	2.2175698788227036
:1297	2.074136514704386
:1298	2.198862974000155
:1299	2.137966611194029
:1300	2.0438304308368886
:1301	2.1853549442557165
:1302	2.1252156219692124
:1303	1.6505739206972527
:1304	2.2048966490756983
:1305	1.6883078003652916
:1306	1.5884884342373622
:1307	2.2549895794718355
:1308	1.6290155425511479
:1309	2.1075102325645565
:1310	1.9588118524545972
:1311	1.5865148857014038
:1312	1.2511069333555511
:1313	1.5248615132000638
:1314	1.6324811748189416
:1315	1.0891285460990965
:1316	1.2339271502895526
:1317	1.7134818089175112
:1318	1.3548056227491811
:1319	1.172420973674848
:1320	1.6810373206380196
:1321	1.3498357839447488
:1322	1.3538069234242027
:1323	1.3487304397417694
:1324	1.5992544029516607
:1325	1.3356161198036267
:1326	1.1061363912564615
:1327	1.7343963698291083
:1328	1.7520273937669437
:1329	1.6161980881465288
:1330	2.3970448957488366
:1331	1.852056169932242
:1332	1.2741063792167846
:1333	2.4514748776619175
:1334	2.247213744523195
:1335	1.684439665511157
:1336	1.7158874319784423
:1337	1.9353262566301432
:1338	1.7866216496636773
:1339	1.7008677852101166
:1340	1.884358364542162
:1341	2.207984299631
:1342	2.3940752260744436
:1343	2.3276152216448676
:1344	2.062413389340663
:1345	2.624409290885127
:1346	2.243518909395224
:1347	2.293054956169026
:1348	2.2905027735845516
:1349	2.390516503786782
:1350	2.431756164480259
:1351	2.5000469643278747
:1352	2.219999053767249
:1353	2.396010467118108
:1354	2.210222780301235
:1355	2.449235888921287
:1356	2.2835411625456516
:1357	2.066690143239829
:1358	2.1675562081058217
:1359	2.124103849583904
:1360	2.3254979848777237
:1361	2.3382005130211025
:1362	2.237686717697792
:1363	2.2827941295501377
:1364	2.4814938074396453
:1365	2.078824000737822
:1366	2.230694315788663
:1367	2.1575863349386153
:1368	2.057214888078588
:1369	2.234978724317612
:1370	2.409906852874061
:1371	2.3003225464708157
:1372	2.2643058913614516
:1373	2.2936739801639403
:1374	2.335437389038141
:1375	2.3041782808630473
:1376	2.4119020426465188
:1377	2.372459734114248
:1378	2.4901858430836765
:1379	2.5101612405880425
:1380	2.62264725940267
:1381	2.4687112468819747
:1382	2.3684972118734784
:1383	2.489443711842486
:1384	1.841466787928824
:1385	2.258936091730712
:1386	2.1796131204225913
:1387	2.062305681174587
:1388	2.2570813611830762
:1389	2.4564612022249634
:1390	2.1281204383207935
:1391	2.2341199567534527
:1392	2.13019344104405
:1393	2.3946508769128134
:1394	2.402444759465719
:1395	2.151953875246455
:1396	2.561072142920419
:1397	2.3954797040558016
:1398	2.112582785806648
:1399	1.9812139908976794
:1400	2.384175091910086
:1401	2.1713706497908056
:1402	2.537859997663849
:1403	2.2159722831308653
:1404	2.172935482135866
:1405	2.3763219531785715
:1406	2.3029649812008706
:1407	2.5668896360919087
:1408	2.3872287615336685
:1409	2.442721085671299
:1410	2.530006669156297
:1411	2.711257402155551
:1412	2.2791760143199205
:1413	3.137342431234264
