:1036	0.648 0.379 0.102
:1038	0.648 0.379 0.102
:1039	0.648 0.379 0.102
:1042	0.648 0.379 0.102
:1043	0.648 0.379 0.102
:1047	0.648 0.379 0.102
:1048	0.648 0.379 0.102
:1049	0.648 0.379 0.102
:1051	0.004  0.52 0.441
:1052	0.648 0.379 0.102
:1053	0.648 0.379 0.102
:1054	0.004  0.52 0.441
:1055	0.648 0.379 0.102
:1071	0.004  0.52 0.441
:1074	0.004  0.52 0.441
:1075	0.004  0.52 0.441
:1076	0.004  0.52 0.441
:1077	0.004  0.52 0.441
:1078	0.004  0.52 0.441
:1079	0.004  0.52 0.441
:1080	0.648 0.379 0.102
:1081	0.648 0.379 0.102
:1082	0.648 0.379 0.102
:1083	0.004  0.52 0.441
:1084	0.648 0.379 0.102
:1085	0.648 0.379 0.102
:1086	0.004  0.52 0.441
:1087	0.648 0.379 0.102
:1088	0.004  0.52 0.441
:1089	0.648 0.379 0.102
:1090	0.004  0.52 0.441
:1091	0.648 0.379 0.102
:1101	0.648 0.379 0.102
:1105	0.648 0.379 0.102
:1106	0.004  0.52 0.441
:1108	0.004  0.52 0.441
:1109	0.648 0.379 0.102
:1110	0.648 0.379 0.102
:1111	0.004  0.52 0.441
:1113	0.004  0.52 0.441
:1114	0.004  0.52 0.441
:1115	0.004  0.52 0.441
:1116	0.648 0.379 0.102
:1117	0.004  0.52 0.441
:1118	0.004  0.52 0.441
:1119	0.004  0.52 0.441
:1121	0.004  0.52 0.441
:1123	0.648 0.379 0.102
:1125	0.648 0.379 0.102
:1126	0.648 0.379 0.102
:1127	0.004  0.52 0.441
:1128	0.004  0.52 0.441
:1129	0.648 0.379 0.102
:1150	0.004  0.52 0.441
:1153	0.648 0.379 0.102
:1154	0.004  0.52 0.441
:1157	0.648 0.379 0.102
:1158	0.004  0.52 0.441
:1159	0.648 0.379 0.102
:1160	0.648 0.379 0.102
:1161	0.004  0.52 0.441
:1162	0.648 0.379 0.102
:1163	0.004  0.52 0.441
:1164	0.004  0.52 0.441
:1165	0.004  0.52 0.441
:1166	0.648 0.379 0.102
:1167	0.004  0.52 0.441
:1168	0.004  0.52 0.441
:1173	0.004  0.52 0.441
:1193	0.004  0.52 0.441
:1199	0.004  0.52 0.441
:1202	0.648 0.379 0.102
:1203	0.004  0.52 0.441
:1204	0.004  0.52 0.441
:1208	0.004  0.52 0.441
:1209	0.004  0.52 0.441
:1210	0.004  0.52 0.441
:1211	0.004  0.52 0.441
:1214	0.648 0.379 0.102
:1215	0.004  0.52 0.441
:1216	0.648 0.379 0.102
:1219	0.004  0.52 0.441
:1275	0.648 0.379 0.102
:1279	0.648 0.379 0.102
:1280	0.004  0.52 0.441
:1281	0.648 0.379 0.102
:1282	0.004  0.52 0.441
:1283	0.648 0.379 0.102
:1284	0.004  0.52 0.441
:1285	0.004  0.52 0.441
:1286	0.004  0.52 0.441
:1287	0.004  0.52 0.441
:1288	0.004  0.52 0.441
:1289	0.004  0.52 0.441
:1290	0.648 0.379 0.102
:1291	0.648 0.379 0.102
:1292	0.648 0.379 0.102
:1294	0.648 0.379 0.102
:1295	0.648 0.379 0.102
:1303	0.004  0.52 0.441
:1310	0.648 0.379 0.102
:1311	0.004  0.52 0.441
:1312	0.004  0.52 0.441
:1313	0.004  0.52 0.441
:1314	0.648 0.379 0.102
:1315	0.004  0.52 0.441
:1316	0.004  0.52 0.441
:1317	0.648 0.379 0.102
:1318	0.004  0.52 0.441
:1319	0.004  0.52 0.441
:1320	0.648 0.379 0.102
:1321	0.004  0.52 0.441
:1322	0.004  0.52 0.441
:1323	0.004  0.52 0.441
:1324	0.004  0.52 0.441
:1325	0.648 0.379 0.102
:1326	0.004  0.52 0.441
:1340	0.648 0.379 0.102
