0.09067	M
0.07953	G
0.07944	Q
0.08398	P
0.08647	G
0.08149	N
0.09351	G
0.08538	S
0.09958	A
0.07322	F
0.09869	L
0.11509	L
0.09701	A
0.10950	P
0.14692	N
0.12616	G
0.12760	S
0.12116	H
0.11146	A
0.10477	P
0.12596	D
0.11819	H
0.10796	D
0.11616	V
0.09545	T
0.03996	Q
0.05273	E
0.08345	R
0.08602	D
0.09835	E
0.12674	V
0.11469	W
0.12194	V
0.18382	V
0.17133	G
0.18600	M
0.21634	G
0.23836	I
0.23349	V
0.23276	M
0.27689	S
0.25821	L
0.32021	I
0.27675	V
0.30075	L
0.33943	A
0.35107	I
0.39539	V
0.35820	F
0.42202	G
0.60743	N
0.36982	V
0.42104	L
0.44344	V
0.36833	I
0.31466	T
0.30503	A
0.28475	I
0.18946	A
0.16767	K
0.14391	F
0.16876	E
0.14727	R
0.17549	L
0.17751	Q
0.20566	T
0.20936	V
0.24466	T
0.28965	N
0.30289	Y
0.38558	F
0.41149	I
0.35092	T
0.39972	S
0.48616	L
0.44723	A
0.38852	C
0.47058	A
0.51066	D
0.39119	L
0.40242	V
0.32102	M
0.29298	G
0.31045	L
0.22082	A
0.31517	V
0.29109	V
0.32147	P
0.32129	F
0.20167	G
0.25259	A
0.20452	A
0.18588	H
0.19138	I
0.18254	L
0.13135	M
0.15430	K
0.11621	M
0.32718	W
0.14659	T
0.23968	F
0.24557	G
0.22250	N
0.24733	F
0.27945	W
0.48785	C
0.29632	E
0.32346	F
0.29507	W
0.22791	T
0.29830	S
0.29250	I
0.21701	D
0.26037	V
0.27742	L
0.28780	C
0.31128	V
0.31836	T
0.37011	A
0.43864	S
0.40890	I
0.39880	E
0.37566	T
0.43510	L
0.40264	C
0.38573	V
0.46135	I
0.51520	A
0.46314	V
0.50558	D
0.56237	R
0.49970	Y
0.37635	F
0.37126	A
0.39425	I
0.24349	T
0.25169	S
0.26631	P
0.21118	F
0.19570	K
0.27764	Y
0.16751	Q
0.16973	S
0.17567	L
0.12975	L
0.20886	T
0.16877	K
0.23891	N
0.24953	K
0.26250	A
0.23358	R
0.22824	V
0.26452	I
0.32194	I
0.32312	L
0.33033	M
0.36689	V
0.52165	W
0.37106	I
0.33572	V
0.41689	S
0.33555	G
0.33315	L
0.31942	T
0.35956	S
0.29537	F
0.32606	L
0.45227	P
0.27359	I
0.25982	Q
0.21021	M
0.13717	H
0.13250	W
0.09794	Y
0.11269	R
0.11570	A
0.08870	T
0.09893	H
0.09845	Q
0.09337	E
0.07948	A
0.07259	I
0.06197	N
0.05003	C
0.04366	Y
0.02629	A
0.02042	N
0.01841	E
0.01734	T
0.01586	C
0.44570	C
0.17028	D
0.21237	F
0.07874	F
0.08543	T
0.11074	N
0.13282	Q
0.16775	A
0.20688	Y
0.19701	A
0.19683	I
0.19815	A
0.17653	S
0.20927	S
0.25494	I
0.26545	V
0.22476	S
0.38771	F
0.31708	Y
0.33840	V
0.43418	P
0.36777	L
0.32801	V
0.34483	I
0.35928	M
0.31301	V
0.28508	F
0.32644	V
0.41113	Y
0.25101	S
0.25334	R
0.31827	V
0.25532	F
0.24989	Q
0.19747	E
0.25351	A
0.19210	K
0.20357	R
0.14351	Q
0.11023	L
0.09046	Q
0.07854	K
0.06348	I
0.06477	D
0.06180	K
0.06549	S
0.06912	E
0.10633	G
0.09209	R
0.07745	F
0.06749	H
0.06187	V
0.05474	Q
0.06212	N
0.06216	L
0.05841	S
0.06722	Q
0.05510	V
0.06501	E
0.06576	Q
0.06192	D
0.06573	G
0.07282	R
0.07671	T
0.07407	G
0.08614	H
0.07771	G
0.07231	L
0.07865	R
0.08863	R
0.07392	S
0.07623	S
0.05898	K
0.09638	F
0.09733	C
0.11990	L
0.18778	K
0.21717	E
0.22667	H
0.28551	K
0.25453	A
0.25026	L
0.30496	K
0.29253	T
0.31098	L
0.30166	G
0.32812	I
0.37868	I
0.35481	M
0.34953	G
0.36422	T
0.38646	F
0.32310	T
0.39401	L
0.48864	C
0.48198	W
0.37958	L
0.63891	P
0.41618	F
0.33799	F
0.39081	I
0.27663	V
0.20845	N
0.29160	I
0.25042	V
0.19039	H
0.18994	V
0.19175	I
0.11545	Q
0.07220	D
0.07207	N
0.09511	L
0.09654	I
0.14741	R
0.12549	K
0.12391	E
0.20449	V
0.18995	Y
0.17184	I
0.26705	L
0.25348	L
0.24643	N
0.29564	W
0.37068	I
0.28974	G
0.36354	Y
0.36526	V
0.43198	N
0.46699	S
0.47023	G
0.45881	F
0.56125	N
0.63660	P
0.46761	L
0.49953	I
0.53709	Y
0.28095	C
0.31157	R
0.28266	S
0.29297	P
0.27281	D
0.42050	F
0.39593	R
0.28927	I
0.27511	A
0.28474	F
0.25019	Q
0.20294	E
0.23906	L
0.22861	L
0.17264	C
0.11762	L
0.13103	R
0.12927	R
0.10871	S
0.09348	S
0.10081	L
0.09499	K
0.11973	A
0.10694	Y
0.12844	G
0.08771	N
0.09666	G
0.10992	Y
0.09489	S
0.10234	S
0.11047	N
0.09486	G
0.11046	N
0.10535	T
0.10635	G
0.09149	E
0.08900	Q
0.09036	S
0.10889	G
0.09482	Y
0.09497	H
0.09772	V
0.10473	E
0.09523	Q
0.10167	E
0.10809	K
0.09848	E
0.07853	N
0.07557	K
0.07487	L
0.07109	L
0.08172	C
0.07577	E
0.07669	D
0.08036	L
0.09360	P
0.09767	G
0.09207	T
0.09661	E
0.10174	D
0.09145	F
0.08161	V
0.08038	G
0.09573	H
0.09277	Q
0.09206	G
0.10304	T
0.10535	V
0.10637	P
0.10184	S
0.10162	D
0.09869	N
0.09104	I
0.10170	D
0.11488	S
0.10380	Q
0.09800	G
0.09711	R
0.09770	N
0.08009	C
0.09441	S
0.09467	T
0.08416	N
0.10449	D
0.10415	S
0.10623	L
0.10648	L
